<!-- Wazuh agent ossec.conf snippet: Windows FIM (add under <syscheck>) -->
<syscheck>
  <frequency>300</frequency>
  <scan_on_start>yes</scan_on_start>

  <directories check_all="yes" realtime="yes">C:\Windows\System32</directories>
  <directories check_all="yes" realtime="yes">C:\inetpub\wwwroot</directories>
  <directories check_all="yes" realtime="yes">C:\Program Files</directories>
  <directories check_all="yes" realtime="yes">C:\Program Files (x86)</directories>

  <ignore>C:\Windows\Temp</ignore>
  <ignore>C:\Users\*\AppData\Local\Temp</ignore>
</syscheck>
