<!-- Wazuh agent ossec.conf snippet: Linux FIM (add under <syscheck>) -->
<syscheck>
  <frequency>300</frequency>
  <scan_on_start>yes</scan_on_start>

  <directories check_all="yes" realtime="yes">/etc</directories>
  <directories check_all="yes" realtime="yes">/bin</directories>
  <directories check_all="yes" realtime="yes">/sbin</directories>
  <directories check_all="yes" realtime="yes">/usr/bin</directories>
  <directories check_all="yes" realtime="yes">/usr/sbin</directories>

  <!-- Web/mail/splunk (enable per host) -->
  <!-- <directories check_all="yes" realtime="yes">/var/www</directories> -->
  <!-- <directories check_all="yes" realtime="yes">/etc/nginx</directories> -->
  <!-- <directories check_all="yes" realtime="yes">/etc/postfix</directories> -->
  <!-- <directories check_all="yes" realtime="yes">/opt/splunk/etc</directories> -->

  <ignore>/var/log</ignore>
  <ignore>/tmp</ignore>
  <ignore>/var/tmp</ignore>
  <ignore>/proc</ignore>
  <ignore>/sys</ignore>
  <ignore>/run</ignore>
</syscheck>
